--Productos ingresados
INSERT INTO Producto (id_producto, nombre, precio) VALUES
(1, 'iPhone 15 Pro Max 256GB Titanium', 5499900.00),
(2, 'Samsung Galaxy S24 Ultra 512GB', 4999900.00),
(3, 'MacBook Air M3 13-inch 8GB/256GB', 5299900.00),
(4, 'Audífonos Sony WH-1000XM5 Noise Cancelling', 1499900.00),
(5, 'Nintendo Switch OLED Neon Colección', 1650000.00),
(6, 'iPad Air M2 11-inch Wi-Fi 128GB', 3199900.00),
(7, 'Smart TV LG OLED 55 pulgadas 4K', 4299900.00),
(8, 'Reloj Apple Watch Series 9 GPS 45mm', 1999900.00),
(9, 'Chaqueta Levi''s Trucker Denim Original', 349900.00),
(10, 'Tenis Nike Air Force 1 ''07 Blanco', 529900.00),
(11, 'Camisa Polo Ralph Lauren Classic Fit', 489900.00),
(12, 'Jean Tommy Hilfiger Straight Fit', 399900.00),
(13, 'Gafas de Sol Ray-Ban Aviator Classic', 689900.00),
(14, 'Bolso Coach Pillow Tabby Shoulder Leather', 1850000.00),
(15, 'Morral Totto Universitario Porta PC', 189900.00),
(16, 'Tenis Adidas Originals Superstar', 419900.00),
(17, 'Vestido Zara Midi Estampado Colección', 299900.00),
(18, 'Base de Maquillaje Fenty Beauty Longwear', 195000.00),
(19, 'Labial Matte MAC Cosmetics Retro', 115000.00),
(20, 'Pestañina Too Faced Better Than Sex', 145000.00),
(21, 'Paleta de Sombras Urban Decay Naked3', 280000.00),
(22, 'Suero Hidratante The Ordinary Hyaluronic Acid', 65000.00),
(23, 'Crema Facial Effaclar Duo La Roche-Posay', 135000.00),
(24, 'Protector Solar Isdin Fusion Water SPF50', 110000.00),
(25, 'Suero Advanced Night Repair Estée Lauder 50ml', 540000.00),
(26, 'Crema Corporal CeraVe Hidratante 454g', 98000.00),
(27, 'Perfume Carolina Herrera Good Girl EDP 80ml', 599900.00),
(28, 'Perfume Bleu de Chanel Parfum 100ml', 720000.00),
(29, 'Anillo de Compromiso Oro Blanco 18k Joyería', 2490000.00),
(30, 'Cadena de Oro Amarillo 18k Tejido Italiano', 1850000.00),
(31, 'Aretes de Plata Esterlina Pandora Corazones', 320000.00),
(32, 'Pulsera Pandora Moments Cierre Corazón', 450000.00),
(33, 'Reloj Tissot Chrono XL Hombre Cuero', 1650000.00),
(34, 'Reloj Michael Kors Runway Mujer Dorado', 1150000.00),
(35, 'Sofá Cama Reclinable de 3 Puestos Tela Gray', 1599900.00),
(36, 'Comedor de 4 Puestos Madera Roble Moderno', 1899900.00),
(37, 'Cama Queen Size con Base de Madera Premium', 2199900.00),
(38, 'Escritorio Flotante para Home Office Modern', 349900.00),
(39, 'Silla Gamer Ergonómica Cougar Armor Elite', 949900.00),
(40, 'Mueble de Centro para TV hasta 65 Pulgadas', 429900.00),
(41, 'Caja de Chocolates Ferrero Rocher x24', 58000.00),
(42, 'Peluche Oso Gigante con Lazo Corazón 120cm', 165000.00),
(43, 'Bono de Regalo Digital Supermercado $200k', 200000.00),
(44, 'Bono de Regalo Digital Supermercado $500k', 500000.00),
(45, 'Kit de Vinotecas Termoeléctrica Premium', 890000.00),
(46, 'Set de Velas Aromáticas Jo Malone Luxury', 380000.00),
(47, 'Termo Stanley Classic Legendary 1.4L', 360000.00),
(48, 'Caja de Regalo Premium Flores Preservadas', 220000.00),
(49, 'Cafetera Expresa Oster PrimaLatte Touch', 1199900.00),
(50, 'Parlante Inteligente Amazon Echo Dot 5ta Gen', 269900.00)
ON CONFLICT (id_producto) DO NOTHING;

--Ciudades ingresadas
INSERT INTO Ciudad (id_ciudad, nombre) VALUES
(1, 'Bogotá'), 
(2, 'Medellín'), 
(3, 'Cali'), 
(4, 'Barranquilla'), 
(5, 'Cartagena'),
(6, 'Bucaramanga'), 
(7, 'Cúcuta'), 
(8, 'Pereira'), 
(9, 'Ibagué'), 
(10, 'Santa Marta'),
(11, 'Manizales'),
(12, 'Pasto'), 
(13, 'Neiva'), 
(14, 'Villavicencio'), 
(15, 'Armenia')
ON CONFLICT (id_ciudad) DO NOTHING;

--Barrios ingresados
INSERT INTO Barrio (id_barrio, nombre) VALUES
(101, 'Chicó'), 
(102, 'Chapinero'), 
(103, 'Usaquén'), 
(104, 'Teusaquillo'), 
(105, 'Suba Centro'),
(106, 'El Poblado'), 
(107, 'Laureles'), 
(108, 'Belén'), 
(109, 'Centro Medellín'), 
(110, 'Robledo'),
(111, 'San Fernando'), 
(112, 'Ciudad Jardín'), 
(113, 'El Peñón'), 
(114, 'Menga'), 
(115, 'Granada'),
(116, 'El Prado'), 
(117, 'Alto Prado'), 
(118, 'Boston'), 
(119, 'Recreo'), 
(120, 'Bocagrande'),
(121, 'Getsemaní'), 
(122, 'El Laguito'), 
(123, 'Cabecera'), 
(124, 'Real de Minas'), 
(125, 'Cañaveral'),
(126, 'Centro Cúcuta'), 
(127, 'Los Caobos'), 
(128, 'Circunvalar'), 
(129, 'Cuba'), 
(130, 'Cádiz'),
(131, 'El Vergel'), 
(132, 'El Rodadero'), 
(133, 'Centro Histórico'), 
(134, 'Chipre'), 
(135, 'Palermo'),
(136, 'Centro Pasto'), 
(137, 'La Gaitanilla'), 
(138, 'Centro Neiva'), 
(139, 'El Barzal'), 
(140, 'Fundadores')
ON CONFLICT (id_barrio) DO NOTHING;

--Direcciones ingresadas
INSERT INTO Direccion (id_direccion, id_barrio, id_ciudad, via_principal, numero_via, letra_via, sufijo, numero_generador, placa) VALUES
(1, 101, 1, 'Calle', 93, 'B', 'Sur', 12, 45),
(2, 102, 1, 'Carrera', 13, NULL, NULL, 45, 12),
(3, 103, 1, 'Avenida', 19, 'C', 'Norte', 140, 22),
(4, 104, 1, 'Calle', 45, NULL, NULL, 26, 85),
(5, 105, 1, 'Transversal', 91, 'A', NULL, 135, 60),
(6, 106, 2, 'Carrera', 43, 'A', NULL, 3, 15),
(7, 107, 2, 'Avenida', 74, NULL, NULL, 39, 88),
(8, 108, 2, 'Calle', 30, 'C', NULL, 65, 10),
(9, 109, 2, 'Carrera', 50, NULL, NULL, 52, 40),
(10, 110, 2, 'Calle', 65, 'G', NULL, 80, 25),
(11, 111, 3, 'Calle', 5, NULL, NULL, 34, 20),
(12, 112, 3, 'Avenida', 12, 'N', 'Norte', 8, 44),
(13, 113, 3, 'Carrera', 2, NULL, NULL, 4, 70),
(14, 114, 3, 'Calle', 70, 'B', NULL, 2, 11),
(15, 115, 3, 'Avenida', 6, NULL, NULL, 15, 30),
(16, 116, 4, 'Carrera', 54, NULL, NULL, 68, 90),
(17, 117, 4, 'Calle', 84, 'B', NULL, 51, 14),
(18, 118, 4, 'Carrera', 44, NULL, NULL, 56, 33),
(19, 119, 4, 'Calle', 61, NULL, NULL, 41, 105),
(20, 120, 5, 'Avenida', 1, NULL, NULL, 10, 12),
(21, 121, 5, 'Calle', 25, 'A', NULL, 8, 44),
(22, 122, 5, 'Carrera', 3, NULL, NULL, 5, 80),
(23, 120, 5, 'Avenida', 2, NULL, NULL, 14, 55),
(24, 123, 6, 'Carrera', 33, NULL, NULL, 48, 19),
(25, 124, 6, 'Calle', 56, 'B', NULL, 21, 8),
(26, 125, 6, 'Carrera', 27, NULL, NULL, 12, 44),
(27, 126, 7, 'Avenida', 5, NULL, NULL, 10, 22),
(28, 127, 7, 'Calle', 11, 'E', NULL, 2, 41),
(29, 126, 7, 'Avenida', 0, NULL, NULL, 9, 88),
(30, 128, 8, 'Avenida', 14, NULL, NULL, 23, 50),
(31, 129, 8, 'Calle', 50, NULL, NULL, 11, 5),
(32, 128, 8, 'Carrera', 6, NULL, NULL, 19, 31),
(33, 130, 9, 'Carrera', 5, NULL, NULL, 39, 12),
(34, 131, 9, 'Calle', 60, NULL, NULL, 10, 40),
(35, 132, 10, 'Carrera', 4, NULL, NULL, 12, 95),
(36, 134, 11, 'Avenida', 23, 'A', NULL, 45, 12), 
(37, 136, 12, 'Calle', 18, NULL, NULL, 22, 40), 
(38, 138, 13, 'Carrera', 5, NULL, NULL, 11, 23), 
(39, 139, 14, 'Calle', 33, 'B', NULL, 40, 15), 
(40, 140, 15, 'Carrera', 14, NULL, NULL, 19, 50)
ON CONFLICT (id_direccion) DO NOTHING;

--Ingreso de almacenes
INSERT INTO Almacen (id_almacen, id_direccion, nombre) VALUES
(1, 1, 'Éxito Express'),
(2, 2, 'Carulla FreshMarket'),
(3, 3, 'Supertiendas Olímpica'),
(4, 4, 'Hipermercado Jumbo'),
(5, 5, 'Almacenes Éxito S.A.'),
(6, 6, 'Carulla Gourmet'),
(7, 7, 'Éxito Wow'),
(8, 8, 'Supermercados Euro'),
(9, 9, 'Metro Hipermercado'),
(10, 10, 'Supermercados Consumo'),
(11, 11, 'SAO Olímpica'),
(12, 12, 'Éxito Vecino'),
(13, 13, 'Carulla Express'),
(14, 14, 'Droguerías y Súper Olímpica'),
(15, 15, 'Surtifruver de la Sabana'),
(16, 16, 'Olímpica Súper Centro'),
(17, 17, 'Éxito Supermercado'),
(18, 18, 'Jumbo Express'),
(19, 19, 'Megatiendas Hipermercado'),
(20, 20, 'Carulla Clásico'),
(21, 21, 'Supermercados Ara'),
(22, 22, 'Éxito Metropolitano'),
(23, 23, 'Olímpica Súper Tienda'),
(24, 24, 'Alkosto Hipermercado'),
(25, 25, 'Tiendas D1'),
(26, 26, 'Supermercados Más x Menos'),
(27, 27, 'Éxito Mayorista'),
(28, 28, 'Metro Súper'),
(29, 29, 'Olímpica Express'),
(30, 30, 'Éxito Premium wow'),
(31, 31, 'Makro Supermayorista'),
(32, 32, 'Superinter Supermercados'),
(33, 33, 'Mercacentro S.A.'),
(34, 34, 'Carulla Sostenible'),
(35, 35, 'Olímpica Megatienda'),
(36, 36, 'Hipermercado Metro'),
(37, 37, 'Éxito Aliado'),
(38, 38, 'Supermercados Surtimax'),
(39, 39, 'SAO Hipermercados'),
(40, 40, 'Almacenes la 14')
ON CONFLICT (id_almacen) DO NOTHING;